{
	"HandSide" : "right",

	"DH_offset": [
  -0.673739, -0.597974, 0.513233, -0.764539, -1.237473, 4.317318, -0.943026, -0.385936, -0.894177, -0.604657, -0.053195, 0.001423, -0.039446, -0.032907, 0.064769, 0.158965, 2.491953, 1.007851, -15.423372, 2.349229, -2.359500, 0.070656, 1.505189, 0.961960, 1.000533, 0.936596, 0.942180, 0.918573, 0.120433, -0.046547, -0.078914, 0.043930,
 -0.010330, 0.040993, -0.022970, 0.019060, 0.022255, -0.001774, 0.024462, 0.005462, 0.024659, -0.004529, -0.465814, -0.155644, 0.085759, 0.093114, -0.262148, -0.532466, -0.000852, -0.004362, -0.039353, -0.011353, -0.005006, -0.018682, 1.266180, 0.696757, 0.979082, 0.832143, 1.116505, 1.043495, -0.452875, 0.401418, 0.067200, 0.499979,
 -0.554885, 0.323412, -0.124610, 0.002943, -0.020499, 0.287026, -0.010489, -0.066403, -0.009575, -0.006180, -0.605270, 0.117568, 0.268313, -0.504963, 0.038154, 0.645825, -0.083335, 0.103295, -0.429422, -0.057101, 0.065465, -0.106261, 1.326682, 0.974641, 0.867793, 1.079877, 1.234186, 0.983140, 0.463546, -0.089780, -0.054528, 0.212195],

	"off_TH1_Thumb": -0.003738,
	"off_TH2_Thumb": 0.050459,
	"off_TH3_Thumb": -0.048841,
	"off_TH4_Thumb": -0.069881,

	"off_TH1_Index": -0.191929,
	"off_TH2_Index": 0.008233,
	"off_TH3_Index": 0.507838,
	"off_TH4_Index": -0.374721,

	"off_TH1_Middle": 0.436768,
	"off_TH2_Middle": 0.751443,
	"off_TH3_Middle": -0.186800,
	"off_TH4_Middle": -0.287631
 }