{
	"HandSide" : "right",

	"DH_offset": [
  -0.517752, -0.100364, -0.711817, 0.037376, 0.024063, 0.268869, 0.052036, -0.168930, 0.052045, 0.527471, -0.468819, 0.130390, -0.679401, 1.029950, 0.149561, -0.231816, -0.098307, -0.001211, -0.014690, -0.187394, -0.291076, 0.247738, 1.480423, 1.068889, 0.675501, 0.861060, 1.696202, 0.988687, -0.380564, -0.168590, 0.148762, -0.869172,
 0.043818, -0.033686, -0.048932, -0.039847, 0.000084, 0.003462, 0.001138, -0.018935, 0.006161, 0.005986, 0.001119, -0.041166, -0.077262, 0.126076, 0.053172, -0.079383, -0.000406, 0.004171, -0.022987, -0.054227, 0.026660, -0.193812, 1.011572, 1.166787, 1.054415, 0.832916, 1.521305, 0.674288, 0.063022, 0.298757, 0.107336, -0.036689,
 0.144531, 0.231234, 0.113425, 0.171631, -0.013109, 0.053464, -0.025741, -0.088655, -0.025028, 0.071711, 0.007668, -0.017151, 0.634072, -0.705236, -0.090141, 0.065347, -0.014142, 0.022349, 0.015408, -0.132546, 0.156318, -0.065366, 1.026554, 1.114944, 1.286704, 1.018826, 1.476111, 0.775890, -0.102028, 0.059750, -0.015552, -0.379309],

	"off_TH1_Thumb": -1.092575,
	"off_TH2_Thumb": 0.912402,
	"off_TH3_Thumb": -0.797484,
	"off_TH4_Thumb": 0.252212,

	"off_TH1_Index": -0.002825,
	"off_TH2_Index": -0.332389,
	"off_TH3_Index": -0.052348,
	"off_TH4_Index": 0.567823,

	"off_TH1_Middle": 0.114672,
	"off_TH2_Middle": -0.641525,
	"off_TH3_Middle": -0.505841,
	"off_TH4_Middle": 0.398505
 }