{
	"HandSide" : "right",

	"DH_offset": [
  0.001207, -0.142990, -0.002809, -1.656229, 0.004736, 24.196841, 1.536313, 0.000736, -0.051617, 0.000624, 47.495982, -0.052566, 0.000519, 0.000519, -1.741530, 24.903695, -0.038451, 0.000000, 0.000000, 0.000000, 0.000000, 0.000000, 0.000000,
 -0.000114, 0.007779, 0.000059, -1.556688, 0.000012, 24.200104, 1.579824, -0.000071, -0.001201, -0.000071, 57.499958, -0.000445, -0.000071, -0.000071, -1.568951, 27.249906, -0.001279, -88.750036, -29.040101, -24.350074, -1.384285, 0.546348, 0.915712,
 0.000045, 0.003266, 0.000024, -1.574626, 0.000100, 24.200028, 1.567230, 0.000044, -0.000787, 0.000044, 47.499903, -0.001537, 0.000044, 0.000044, -1.573972, 24.900009, -0.000543, 0.000022, 0.000100, 19.000044, -0.003835, -0.000772, 0.003266],

	"off_TH2": -0.212432,
	"off_TH3": 0.001715,

	"off_TH2_MI": 0.152162,
	"off_TH3_MI": 0.077060,

	"off_TH2_TH": -0.132552,
	"off_TH3_TH": 0.005515
 }