{
	"HandSide" : "right",

	"DH_offset": [
  0.001305, -0.242488, -0.005355, -1.619981, 0.009023, 24.194452, 1.559473, 0.000931, -0.082783, 0.000572, 47.491043, -0.070837, 0.000382, 0.000382, -1.890516, 24.905458, -0.097390, 0.000000, 0.000000, 0.000000, 0.000000, 0.000000, 0.000000,
 -0.000149, 0.006535, -0.000047, -1.545948, 0.000361, 24.200036, 1.589260, -0.000163, -0.001913, -0.000163, 57.499646, 0.000651, -0.000163, -0.000163, -1.577273, 27.249847, 0.000738, -88.750345, -29.039931, -24.350171, -1.381090, 0.556509, 0.914467,
 0.000045, 0.009153, 0.000073, -1.575796, 0.000042, 24.200082, 1.568072, 0.000027, 0.000701, 0.000027, 47.499940, -0.000068, 0.000027, 0.000027, -1.571518, 24.899939, -0.000280, 0.000073, 0.000042, 19.000045, -0.005000, -0.001079, 0.009153],

	"off_TH2": -0.182991,
	"off_TH3": -0.429047,

	"off_TH2_MI": 0.071383,
	"off_TH3_MI": 0.146561,

	"off_TH2_TH": 0.145485,
	"off_TH3_TH": 0.179836
 }