{
	"HandSide" : "right",

	"DH_offset": [
  0.000470, -0.051565, -0.000597, -1.615238, 0.000401, 24.199283, 1.544846, 0.000274, -0.011253, 0.000269, 47.499747, -0.013125, 0.000264, 0.000264, -1.592285, 24.900733, 0.000498, 0.000000, 0.000000, 0.000000, 0.000000, 0.000000, 0.000000,
 -0.000082, 0.005963, 0.000035, -1.559966, 0.000040, 24.200070, 1.577701, -0.000057, -0.000728, -0.000057, 57.499942, -0.000105, -0.000057, -0.000057, -1.570329, 27.249927, -0.000652, -88.750051, -29.040055, -24.350064, -1.386333, 0.543234, 0.913895,
 0.000062, 0.006043, 0.000050, -1.576973, 0.000054, 24.200055, 1.565121, 0.000058, -0.000305, 0.000058, 47.499933, -0.001505, 0.000058, 0.000058, -1.572235, 24.899973, 0.000183, 0.000050, 0.000055, 19.000062, -0.006176, -0.001182, 0.006043],

	"off_TH2": -0.212432,
	"off_TH3": 0.001715,

	"off_TH2_MI": 0.152162,
	"off_TH3_MI": 0.077060,

	"off_TH2_TH": -0.132552,
	"off_TH3_TH": 0.005515
 }