{
	"HandSide" : "left",

	"DH_offset": [
  0.001667, -0.098616, 0.000452, -1.566196, -0.006054, 24.201082, 1.530325, 0.001003, -0.046385, 0.001072, 47.505705, -0.049000, 0.001131, 0.001131, -1.403503, 23.498144, -0.039873, 0.000000, 0.000000, 0.000000, 0.000000, 0.000000, 0.000000,
 0.000112, -0.006133, 0.000838, -1.544025, -0.002035, 24.200781, 1.590569, -0.000311, 0.007992, -0.000314, 57.501863, 0.010057, -0.000318, -0.000318, -1.521846, 26.500468, 0.016715, -88.748209, -29.041235, 24.349541, 1.403749, -0.505685, 0.901799,
 -0.000020, -0.044332, -0.000748, -1.584393, 0.001342, 24.199252, 1.557299, -0.000004, 0.013672, 0.000002, 47.498745, 0.009176, 0.000005, 0.000005, -1.616800, 25.000880, 0.013257, -0.000702, 0.001363, -19.000031, -0.013669, -0.007964, -0.044332],

	"off_TH2": -0.005160,
	"off_TH3": -0.127255,

	"off_TH2_MI": 0.037692,
	"off_TH3_MI": -0.275166,

	"off_TH2_TH": 0.042399,
	"off_TH3_TH": -0.020322
 }