{
	"HandSide" : "right",

	"DH_offset": [
  -0.015272, 0.021046, 0.042854, 0.013896, -0.011337, 0.044496, -0.009449, -0.138125, -0.009199, -0.159805, 0.115597, 0.097297, 0.039070, 0.412401, -0.011496, -1.626498,
 -0.005571, -0.023466, 0.006975, -0.036726, -0.000040, -0.045641, -0.000052, -0.101375, -0.000490, -0.037132, -0.038463, -0.040771, 0.049312, -0.015398, -0.028714, 0.136807,
 0.037330, 0.040144, -0.045009, 0.042791, 0.006759, -0.028683, 0.004580, -0.002443, 0.002230, -0.041316, 0.087276, 0.045488, -0.469951, 0.014546, -0.004236, 0.412129],

	"off_TH1_Thumb": 0.169969,
	"off_TH2_Thumb": -0.621027,
	"off_TH3_Thumb": 0.045754,
	"off_TH4_Thumb": 0.524843,

	"off_TH1_Index": -0.003356,
	"off_TH2_Index": -0.227842,
	"off_TH3_Index": -0.063696,
	"off_TH4_Index": 0.395930,

	"off_TH1_Middle": 0.085028,
	"off_TH2_Middle": -0.249546,
	"off_TH3_Middle": -0.316190,
	"off_TH4_Middle": 0.378386,

 }