{
	"HandSide" : "left",

	"DH_offset": [
  -0.000411, -0.069974, -0.001170, -1.567009, 0.001342, 24.198761, 1.544556, 0.000122, 0.011845, 0.000128, 47.498884, 0.013336, 0.000135, 0.000135, -1.622683, 23.501390, 0.015116, 0.000000, 0.000000, 0.000000, 0.000000, 0.000000, 0.000000,
 0.000195, -0.017487, 0.000915, -1.587849, -0.002438, 24.200937, 1.549967, -0.000032, 0.016709, -0.000041, 57.502379, 0.011707, -0.000046, -0.000046, -1.499538, 26.499881, 0.025974, -88.747971, -29.041545, 24.349431, 1.397911, -0.551189, 0.890446,
 -0.000035, -0.046785, -0.000945, -1.588347, 0.001586, 24.199054, 1.551279, 0.000028, 0.014691, 0.000036, 47.498580, 0.011415, 0.000041, 0.000041, -1.625989, 25.001107, 0.016156, -0.000885, 0.001616, -19.000050, -0.017746, -0.010809, -0.046785],

	"off_TH2": 0.058889,
	"off_TH3": 0.000000,

	"off_TH2_MI": 0.179604,
	"off_TH3_MI": -0.205640,

	"off_TH2_TH": -0.020055,
	"off_TH3_TH": 0.069232
 }