{
	"HandSide" : "right",

	"DH_offset": [
  0.002518, -0.051910, -0.003219, -1.590565, 0.009082, 24.195909, 1.578244, 0.000762, -0.069680, 0.000554, 47.491304, -0.066214, 0.000380, 0.000380, -1.856674, 24.907529, -0.064935, 0.000000, 0.000000, 0.000000, 0.000000, 0.000000, 0.000000,
 -0.000226, -0.053041, -0.000348, -1.542172, -0.000157, 24.199680, 1.605084, -0.000262, 0.001474, -0.000262, 57.500218, -0.000115, -0.000262, -0.000262, -1.578811, 27.250377, -0.003711, -88.750195, -29.040205, -24.349668, -1.413954, 0.563722, 0.854891,
 -0.000050, 0.005418, 0.000010, -1.562775, 0.000220, 24.200014, 1.578212, -0.000046, -0.001616, -0.000045, 47.499778, 0.001788, -0.000045, -0.000045, -1.577516, 24.190070, -0.003148, 0.000008, 0.000220, 18.999950, 0.008021, 0.000868, 0.005418],

	"off_TH2": 0.051415,
	"off_TH3": -0.032247,

	"off_TH2_MI": -0.048794,
	"off_TH3_MI": 0.050193,

	"off_TH2_TH": -0.155779,
	"off_TH3_TH": 0.200428
 }