{
	"HandSide" : "left",

	"DH_offset": [
  -0.000660, 0.033538, -0.000692, -1.586237, 0.003934, 24.199119, 1.568828, -0.000366, 0.026268, -0.000338, 47.496228, 0.024603, -0.000317, -0.000317, -1.687234, 23.502377, 0.029683, 0.000000, 0.000000, 0.000000, 0.000000, 0.000000, 0.000000,
 -0.000023, -0.034536, 0.000123, -1.567174, -0.000856, 24.200116, 1.567616, -0.000045, 0.003006, -0.000045, 57.500827, 0.002629, -0.000045, -0.000045, -1.553522, 26.500271, 0.007731, -88.749349, -29.040428, 24.349607, 1.411597, -0.529296, 0.873396,
 0.000047, -0.017340, -0.000301, -1.581560, 0.000462, 24.199701, 1.559301, 0.000065, 0.004309, 0.000065, 47.499552, 0.000940, 0.000065, 0.000065, -1.585762, 25.000466, 0.004107, -0.000295, 0.000466, -18.999956, -0.010781, -0.005132, -0.017340],

	"off_TH2": 0.111225,
	"off_TH3": -0.129563,

	"off_TH2_MI": -0.046605,
	"off_TH3_MI": -0.101836,

	"off_TH2_TH": -0.052583,
	"off_TH3_TH": 0.052111
 }