{
	"HandSide" : "right",

	"DH_offset": [
  -0.001827, 0.026113, 0.001796, -1.541100, -0.005746, 24.202249, 1.590835, -0.000998, 0.071568, -0.001119, 47.505550, 0.075292, -0.001208, -0.001208, -1.397567, 24.895095, 0.017593, 0.000000, 0.000000, 0.000000, 0.000000, 0.000000, 0.000000,
 0.000072, -0.025272, -0.000944, -1.565167, 0.001851, 24.199086, 1.583540, -0.000243, 0.011613, -0.000243, 57.498343, 0.013017, -0.000241, -0.000241, -1.628142, 27.250064, 0.017529, -88.751703, -29.038843, -24.350227, -1.405916, 0.539763, 0.882660,
 -0.000026, 0.052442, 0.000539, -1.579297, -0.001041, 24.200539, 1.562090, -0.000023, 0.011525, -0.000023, 47.500843, 0.009520, -0.000024, -0.000024, -1.541761, 24.188905, 0.004275, 0.000556, -0.001035, 18.999974, -0.008437, -0.005819, 0.052442],

	"off_TH2": 0.011538,
	"off_TH3": 0.013355,

	"off_TH2_MI": 0.196055,
	"off_TH3_MI": -0.053126,

	"off_TH2_TH": 0.047229,
	"off_TH3_TH": -0.084099
 }