{
	"HandSide" : "left",

	"DH_offset": [
  -0.000447, 0.022965, 0.000029, -1.559575, 0.002200, 24.199746, 1.593456, -0.000458, 0.023069, -0.000444, 47.498074, 0.022688, -0.000430, -0.000430, -1.634686, 23.501298, 0.011774, 0.000000, 0.000000, 0.000000, 0.000000, 0.000000, 0.000000,
 0.000177, 0.016682, 0.000432, -1.587429, -0.001067, 24.200467, 1.563272, -0.000029, 0.008681, -0.000030, 57.500906, 0.007895, -0.000032, -0.000032, -1.535583, 26.499646, 0.010948, -88.749133, -29.040762, 24.349836, 1.379172, -0.548814, 0.924614,
 -0.000030, -0.023105, -0.000353, -1.576654, 0.000759, 24.199646, 1.563147, -0.000002, 0.007085, -0.000001, 47.499328, 0.005189, -0.000000, -0.000000, -1.595297, 25.000611, 0.005996, -0.000344, 0.000762, -19.000031, -0.005890, -0.003506, -0.023105],

	"off_TH2": 0.240882,
	"off_TH3": 0.075296,

	"off_TH2_MI": 0.059793,
	"off_TH3_MI": -0.376846,

	"off_TH2_TH": 0.103792,
	"off_TH3_TH": -0.239894
 }