{
	"HandSide" : "left",

	"DH_offset": [
  -0.000905, -0.098401, -0.000477, -1.465439, -0.003112, 24.199299, 1.606543, -0.000074, 0.000999, -0.000088, 47.503162, -0.000188, -0.000101, -0.000101, -1.488406, 23.499335, -0.032040, 0.000000, 0.000000, 0.000000, 0.000000, 0.000000, 0.000000,
 -0.001415, -0.092204, -0.005614, -1.557457, 0.008825, 24.194284, 1.548147, 0.000977, -0.070609, 0.000869, 57.492078, -0.070361, 0.000757, 0.000757, -1.860062, 26.500810, -0.099102, -88.758094, -29.033377, 24.350426, 1.457743, -0.529177, 0.815728,
 0.000301, 0.160599, 0.000552, -1.564967, -0.003912, 24.200567, 1.584996, 0.000279, -0.037980, 0.000321, 47.503036, -0.038062, 0.000346, 0.000346, -1.463220, 24.996715, -0.016187, 0.001063, -0.003880, -18.999702, 0.005788, 0.015826, 0.160599],

	"off_TH2": -0.084856,
	"off_TH3": 0.120837,

	"off_TH2_MI": 0.095350,
	"off_TH3_MI": 0.000000,

	"off_TH2_TH": -0.003300,
	"off_TH3_TH": 0.049422
 }