{
	"HandSide" : "right",

	"DH_offset": [
  -0.004218, 0.079300, -0.060855, -0.009925, 0.018851, 0.061577, 0.029206, -0.042579, 0.028114, -0.035145, -1.251201, 0.161797, -0.727043, 0.289024, -0.399649, -0.854321, -0.180008, 0.009843, -0.232609, -0.014206, 0.018206, 0.006412, 1.351039, 0.815080, 0.948156, 1.322102, 1.085475, 1.076294, 0.512085, 0.248850, -0.006492, 0.015453,
 0.065862, 0.068797, -0.074738, -0.014507, 0.020141, -0.005361, 0.022045, -0.073152, 0.019390, -0.081346, -0.730000, -0.197270, 0.182528, 0.356383, 0.385441, -0.392411, 0.011591, -0.011906, -0.079470, -0.128346, -1.228579, 0.338903, 0.679510, 1.356659, 1.055330, 1.887404, 0.381021, 0.241656, -0.991076, 0.560243, 0.135018, 0.444771,
 -0.095554, 0.075477, -0.073036, -0.002300, -0.003677, 0.109284, 0.001044, -0.122906, -0.000607, 0.006377, -0.538585, 0.130154, 0.197074, -0.277330, 0.475234, -0.184716, -0.026917, -0.020662, -0.081246, 0.000987, -0.034385, -0.011258, 0.858527, 1.272067, 0.953809, 0.499096, 1.773066, 1.035263, 0.942499, 0.380823, -1.187528, -0.080655],

	"off_TH1_Thumb": 0.477086,
	"off_TH2_Thumb": 1.100069,
	"off_TH3_Thumb": -0.124380,
	"off_TH4_Thumb": -1.019241,

	"off_TH1_Index": -1.265973,
	"off_TH2_Index": -0.145613,
	"off_TH3_Index": 0.897204,
	"off_TH4_Index": -1.776499,

	"off_TH1_Middle": 0.780577,
	"off_TH2_Middle": -0.100222,
	"off_TH3_Middle": 0.034288,
	"off_TH4_Middle": -0.094760
 }