{
	"HandSide" : "right",

	"DH_offset": [
  0.134458, -0.397349, -0.320547, 0.043461, -0.768022, -4.134033, -1.393923, -1.287387, -1.958621, 0.547055, 0.024768, -0.014724, -0.056851, 0.282556, 0.233974, 0.101999,
 0.459121, -0.817166, 0.747371, 0.083708, -0.116533, -2.650288, -0.023667, -1.277588, 0.182420, 0.368902, -0.018527, -0.046191, 0.122342, -0.208473, -0.363641, -0.102285,
 -0.008821, -0.477872, 1.838949, 0.410151, 0.400620, -3.784925, 0.788616, -1.813685, 1.123618, -0.075823, 0.042918, -0.065964, 0.229150, -0.249755, -0.304031, -0.120719],

	"off_TH1_Thumb": -0.399001,
	"off_TH2_Thumb": -0.296844,
	"off_TH3_Thumb": -0.128315,
	"off_TH4_Thumb": -0.482699,

	"off_TH1_Index": 0.316202,
	"off_TH2_Index": -0.288449,
	"off_TH3_Index": 0.288766,
	"off_TH4_Index": -0.497606,

	"off_TH1_Middle": 0.322362,
	"off_TH2_Middle": -0.257118,
	"off_TH3_Middle": -0.018135,
	"off_TH4_Middle": -0.498779
 }