{
	"HandSide" : "right",

	"DH_offset": [
  -0.011147, -1.181658, 0.634019, -1.194970, 0.345089, -3.360563, -0.118558, -1.634116, -0.256253, -0.970680, 0.019888, -0.019552, -0.031783, 0.255344, 0.075494, 0.037443,
 0.548853, -0.694188, 0.553785, 0.205877, -0.087313, -2.365715, -0.007172, -0.553494, -0.017235, 0.916532, -0.008955, -0.095065, 0.128859, -0.138775, -0.000128, -0.017069,
 0.489562, 0.984105, -0.033797, 1.045023, 0.618124, -3.118937, 0.719421, -0.104042, 0.728777, 0.082437, 0.024382, -0.002425, 0.140876, -0.175376, -0.212954, -0.124648],

	"off_TH1_Thumb": -0.231184,
	"off_TH2_Thumb": -0.262668,
	"off_TH3_Thumb": -0.054396,
	"off_TH4_Thumb": -0.461106,

	"off_TH1_Index": 0.059676,
	"off_TH2_Index": -0.222741,
	"off_TH3_Index": 0.297082,
	"off_TH4_Index": -0.488240,

	"off_TH1_Middle": 0.242381,
	"off_TH2_Middle": 0.374962,
	"off_TH3_Middle": -0.117978,
	"off_TH4_Middle": -0.460161
 }