{
	"HandSide" : "right",

	"DH_offset": [
  -0.068621, -0.147315, -0.034621, 0.012414, 0.005425, -0.651224, -0.033461, -0.060529, -0.031543, 0.099604, -0.003910, -0.027272, -0.052215, 0.336859, 0.160460, 0.180194,
 0.132721, -0.097327, -0.260222, -0.033938, 0.068729, -0.100486, 0.014486, 0.068864, 0.012977, -0.065586, -0.057998, -0.054055, 0.251291, -0.598928, 0.489695, -0.627909,
 0.301147, -0.024806, -0.135666, 0.018348, -0.002805, -0.268399, -0.012223, 0.049499, -0.010907, -0.020157, 0.006520, -0.051658, -0.089544, 0.354686, 0.027596, 0.237309],

	"off_TH1_Thumb": -0.620174,
	"off_TH2_Thumb": -0.270885,
	"off_TH3_Thumb": -0.092103,
	"off_TH4_Thumb": -0.361776,

	"off_TH1_Index": 0.385375,
	"off_TH2_Index": -0.518595,
	"off_TH3_Index": 0.676009,
	"off_TH4_Index": -1.010096,

	"off_TH1_Middle": -0.411058,
	"off_TH2_Middle": -0.303548,
	"off_TH3_Middle": 0.140628,
	"off_TH4_Middle": -0.569198
 }