{
	"HandSide" : "right",

	"DH_offset": [
  -0.015272, 0.021046, 0.042854, 0.013896, -0.011337, 0.044496, -0.009449, -0.138125, -0.009199, -0.159805, 0.115597, 0.097297, 0.039070, 0.412401, -0.011496, -1.626498,
 -0.369932, 1.504766, -0.576226, -1.053386, -0.748004, -7.172314, -0.750204, 0.404044, -0.035258, 0.641660, -0.132886, 0.105328, 0.136197, 0.008339, 1.303843, -0.008810,
 -1.400140, -1.521868, 0.580201, -0.509820, 0.628982, -1.792424, -0.622887, -1.242654, -0.037945, -0.295789, 0.089090, -0.006627, -2.882251, 3.090365, -1.002494, -0.348805],

	"off_TH1_Thumb": 0.169969,
	"off_TH2_Thumb": -0.621027,
	"off_TH3_Thumb": 0.045754,
	"off_TH4_Thumb": 0.524843,

	"off_TH1_Index": -2.327237,
	"off_TH2_Index": -2.533879,
	"off_TH3_Index": 2.903038,
	"off_TH4_Index": -6.506676,

	"off_TH1_Middle": 0.439452,
	"off_TH2_Middle": 0.268819,
	"off_TH3_Middle": -0.273266,
	"off_TH4_Middle": -0.176380
 }