{
	"HandSide" : "right",

	"DH_offset": [
  0.506198, -0.015211, 0.870927, 0.846343, -0.117046, -4.281353, -0.412039, -0.346862, 0.375196, -0.227558, 9.440056, -3.150084, -3.050571, -6.243058, -3.355114, -0.294927,
 1.774613, -4.717354, -6.906034, 3.525199, -1.096321, -28.043867, -2.285219, -6.878678, 1.089387, 3.614338, 6.382497, 0.096998, -0.327169, 0.265569, -0.724338, -0.188886,
 0.533696, 2.426741, 0.260297, 1.913325, -0.670762, -0.918680, 0.660212, -0.832108, 0.637536, -0.163495, -1.285582, 0.277993, -3.394167, -2.218315, -0.392331, -1.235742],

	"off_TH1_Thumb": 3.389052,
	"off_TH2_Thumb": -5.686304,
	"off_TH3_Thumb": 2.553689,
	"off_TH4_Thumb": -0.043427,

	"off_TH1_Index": -2.831163,
	"off_TH2_Index": -7.971484,
	"off_TH3_Index": 6.510002,
	"off_TH4_Index": -10.125957,

	"off_TH1_Middle": 0.576948,
	"off_TH2_Middle": -7.052100,
	"off_TH3_Middle": 3.126186,
	"off_TH4_Middle": -8.105656
 }