{
	"HandSide" : "right",

	"DH_offset": [
  0.519322, -1.682701, -1.362083, -0.615425, 0.880355, -2.912425, 0.962208, -0.748135, 0.991401, -0.774111, 0.061610, -0.047831, 0.148024, -0.204769, -0.167012, -0.192925,
 0.550214, -0.592156, -0.340037, -0.114717, -0.010668, -0.017268, -0.132122, -0.185455, 0.007388, -0.257933, -0.051529, -0.054379, 0.107763, -0.216621, -0.129521, 0.014754,
 0.191299, 0.214296, 0.479468, 0.967720, 0.064136, -2.077426, -0.027329, -0.492247, -0.022696, -0.467955, -0.002063, -0.056963, -0.009143, 0.142014, 0.035146, 0.060685],

	"off_TH1_Thumb": 0.198550,
	"off_TH2_Thumb": -0.178791,
	"off_TH3_Thumb": -0.144411,
	"off_TH4_Thumb": -0.279727,

	"off_TH1_Index": 0.175695,
	"off_TH2_Index": -0.169645,
	"off_TH3_Index": 0.393789,
	"off_TH4_Index": -0.447296,

	"off_TH1_Middle": -0.167643,
	"off_TH2_Middle": -0.097790,
	"off_TH3_Middle": 0.015064,
	"off_TH4_Middle": -0.387533
 }