{
	"HandSide" : "right",

	"DH_offset": [
  -1.265458, -1.694539, -1.712271, 1.738916, -0.445444, -8.227194, -0.506488, -1.864161, 0.514371, 1.453277, 0.342339, -0.072564, -0.484213, 0.121237, -1.168822, -0.230345,
 -6.622232, 7.855784, 9.348962, 9.251091, 4.599153, -57.283794, 1.140374, -8.060673, -0.116204, -6.078166, 5.296525, -0.139396, 6.773992, -13.174880, 0.576478, 6.032094,
 0.092395, 6.699451, -7.204947, 4.749269, 0.505431, 0.961598, -0.517985, -2.578013, -0.451443, -0.234683, -0.040543, 0.022785, -9.699927, -2.390667, -0.508609, 0.446326],

	"off_TH1_Thumb": 3.061658,
	"off_TH2_Thumb": -1.533004,
	"off_TH3_Thumb": 0.255146,
	"off_TH4_Thumb": -3.376980,

	"off_TH1_Index": -4.583467,
	"off_TH2_Index": -2.936423,
	"off_TH3_Index": 0.905324,
	"off_TH4_Index": -4.158918,

	"off_TH1_Middle": 12.173927,
	"off_TH2_Middle": 0.525025,
	"off_TH3_Middle": 0.364441,
	"off_TH4_Middle": -0.911848
 }