{
	"HandSide" : "right",

	"DH_offset": [
  -0.046874, -0.167920, -0.025304, 0.029072, -0.005678, -1.046416, -0.061507, -0.078867, -0.060295, 0.163174, -0.003626, -0.029325, -0.050665, 0.320007, 0.154658, 0.184174,
 0.132721, -0.097327, -0.260222, -0.033938, 0.068729, -0.100486, 0.014486, 0.068864, 0.012977, -0.065586, -0.057998, -0.054055, 0.251291, -0.598928, 0.489695, -0.627909,
 0.301147, -0.024806, -0.135666, 0.018348, -0.002805, -0.268399, -0.012223, 0.049499, -0.010907, -0.020157, 0.006520, -0.051658, -0.089544, 0.354686, 0.027596, 0.237309],

	"off_TH1_Thumb": -0.604066,
	"off_TH2_Thumb": -0.253503,
	"off_TH3_Thumb": -0.098890,
	"off_TH4_Thumb": -0.356264,

	"off_TH1_Index": 0.385375,
	"off_TH2_Index": -0.518595,
	"off_TH3_Index": 0.676009,
	"off_TH4_Index": -1.010096,

	"off_TH1_Middle": -0.411058,
	"off_TH2_Middle": -0.303548,
	"off_TH3_Middle": 0.140628,
	"off_TH4_Middle": -0.569198
 }