{
	"HandSide" : "right",

	"DH_offset": [
  0.076372, 0.479340, -0.159300, -0.086873, 0.060819, 0.260810, 0.069632, -0.106225, 0.061803, -0.109977, -1.388997, 0.204267, 0.411163, 0.079868, 0.598128, 1.124393, 0.330082, -0.000356, -1.717011, -0.031757, 0.110160, 0.060132, 1.273021, 0.935593, 0.811041, 1.581444, 0.884175, 0.690637, 0.195678, -0.176790, 0.271901, -0.395819,
 -1.591446, 8.160365, -0.441204, -0.897960, 0.891257, 0.429389, 0.978776, 3.224582, 0.841271, 0.156288, -0.472534, -0.149143, 0.165724, 0.163939, 0.474331, -0.677034, 5.409065, 2.360880, -10.686836, -1.557496, -3.980311, 0.293634, 1.033941, 1.017959, 1.189483, 1.555537, 0.837131, 0.633388, -0.488146, 0.089018, 0.896573, 0.319994,
 -0.130333, 0.056082, -0.031183, -0.048701, -0.024843, -0.095779, -0.020535, 0.132376, -0.012571, 0.060415, -0.535897, 0.085662, -0.003883, -0.104925, 0.363939, -0.146491, -0.100541, -0.009140, -0.198429, 0.056827, 0.053954, 0.142604, 0.875930, 1.142302, 0.992835, 0.946474, 1.221163, 0.916348, 0.932071, -0.080754, -0.435537, 0.014208],

	"off_TH1_Thumb": 0.111786,
	"off_TH2_Thumb": 1.699581,
	"off_TH3_Thumb": -0.950522,
	"off_TH4_Thumb": -0.753623,

	"off_TH1_Index": -0.637415,
	"off_TH2_Index": 0.351926,
	"off_TH3_Index": 0.462596,
	"off_TH4_Index": -1.954954,

	"off_TH1_Middle": 0.821137,
	"off_TH2_Middle": 0.461378,
	"off_TH3_Middle": -0.026365,
	"off_TH4_Middle": -0.324930
 }