{
	"HandSide" : "right",

	"DH_offset": [
  0.023087, 0.016710, -0.063488, -0.025799, 0.011509, 0.068846, 0.018274, -0.046721, 0.017631, -0.042809, -1.325623, 0.151525, -0.569255, 0.259207, -0.354402, -0.679235, 0.025982, 0.012373, -0.213222, -0.018931, 0.028239, -0.011863, 1.464908, 0.844910, 0.947763, 1.404491, 1.051079, 0.999666, 0.377243, 0.272871, -0.211529, -0.061006,
 0.022804, 0.023043, -0.013783, -0.007295, -0.009858, 0.068065, -0.009589, -0.006103, -0.006557, -0.080296, -0.071719, -0.035692, -0.108676, 0.221326, 0.018290, -0.165182, 0.006169, -0.007794, -0.032691, -0.008665, 0.077669, -0.150539, 0.876681, 1.238744, 0.914646, 1.552394, 0.821864, 0.461932, -0.447374, 0.126273, 0.308158, 0.351680,
 -0.026687, -0.182955, -0.159910, -0.244450, 0.012258, 0.699964, 0.016873, -0.746114, 0.008140, -0.184086, -0.924948, 0.185334, -0.020421, -0.007479, 0.006724, 0.082178, 0.020683, -0.037642, -0.044539, -0.085358, -0.266333, -0.493399, 1.001757, 1.298977, 1.186416, 1.467699, 0.864778, 0.665344, 1.023577, -0.254884, 0.205228, 0.251466],

	"off_TH1_Thumb": 0.365241,
	"off_TH2_Thumb": 1.039479,
	"off_TH3_Thumb": 0.084664,
	"off_TH4_Thumb": -1.084559,

	"off_TH1_Index": -0.482073,
	"off_TH2_Index": 0.044633,
	"off_TH3_Index": 0.162448,
	"off_TH4_Index": -0.544358,

	"off_TH1_Middle": 0.950673,
	"off_TH2_Middle": 1.211040,
	"off_TH3_Middle": 0.080055,
	"off_TH4_Middle": -0.957333
 }