{
	"HandSide" : "right",

	"DH_offset": [
  -0.462186, -0.061286, -0.408839, -0.061325, -0.000311, 0.297498, 0.026980, -0.170570, 0.024636, 0.138205, -0.410151, 0.115579, -0.697923, 1.052762, 0.184545, -0.350740, -0.097183, -0.011397, -0.011251, -0.175789, -0.050349, 0.155521, 1.381546, 1.059885, 0.658641, 0.965434, 1.502058, 0.877598, -0.277185, -0.168011, 0.037755, -0.542969,
 0.043818, -0.033686, -0.048932, -0.039847, 0.000084, 0.003462, 0.001138, -0.018935, 0.006161, 0.005986, 0.001119, -0.041166, -0.077262, 0.126076, 0.053172, -0.079383, -0.000406, 0.004171, -0.022987, -0.054227, 0.026660, -0.193812, 1.011572, 1.166787, 1.054415, 0.832916, 1.521305, 0.674288, 0.063022, 0.298757, 0.107336, -0.036689,
 -0.037786, 0.232475, -0.014476, 0.148086, -0.024012, 0.128952, -0.016795, -0.118835, -0.015899, 0.069475, -0.055757, -0.029999, 0.758403, -0.858484, -0.060925, -0.093478, 0.009151, -0.013585, -0.012019, -0.124601, 0.230008, -0.056182, 1.188723, 1.245294, 0.854757, 0.935119, 1.331581, 0.715160, -0.064654, -0.049258, -0.022576, -0.354985],

	"off_TH1_Thumb": -0.948226,
	"off_TH2_Thumb": 0.946455,
	"off_TH3_Thumb": -0.472367,
	"off_TH4_Thumb": 0.397620,

	"off_TH1_Index": -0.002825,
	"off_TH2_Index": -0.332389,
	"off_TH3_Index": -0.052348,
	"off_TH4_Index": 0.567823,

	"off_TH1_Middle": 0.310944,
	"off_TH2_Middle": -0.177163,
	"off_TH3_Middle": -0.481810,
	"off_TH4_Middle": 0.393708
 }