{
	"HandSide" : "right",

	"DH_offset": [
  8.214132, -0.886859, -3.503776, -7.727744, -0.007613, -8.175736, -0.017312, -7.629741, -0.003743, -4.127895, 0.423294, -1.234953, -3.832703, -20.131629, 16.807577, -2.011754, -0.115906, 0.253737, 0.280547, 0.272965, -0.069830, -0.126161, 2.166261, 2.933402, -0.195564, 1.595635, 3.668398, -0.000017, 0.763156, -2.399828, -10.456961, 3.967587,
 0.014229, -0.312414, -0.049436, -0.230963, 0.006087, 0.589915, 0.015460, -0.263281, -0.004028, -0.168922, -0.310757, -0.116314, 0.022981, 0.112535, 0.022805, -0.059833, 0.160705, 0.028477, 0.095057, -0.041589, 0.201797, 0.037221, 1.626667, 0.941086, 0.852684, 1.109299, 1.386475, 0.987903, 0.152838, -0.144944, -0.015373, 0.147734,
 -0.004805, -0.004002, -0.002889, -0.008275, 0.000531, 0.012247, 0.000544, -0.012669, 0.000602, 0.004031, -0.056270, -0.005825, 0.028740, 0.006452, -0.000325, -0.023296, -0.000593, 0.000698, -0.000618, -0.006532, 0.006991, -0.010431, 1.109462, 0.992885, 0.899306, 1.164648, 0.939611, 0.911334, 0.042391, -0.059627, 0.096963, 0.084022],

	"off_TH1_Thumb": 1.402479,
	"off_TH2_Thumb": 5.094098,
	"off_TH3_Thumb": 1.201046,
	"off_TH4_Thumb": -14.806449,

	"off_TH1_Index": 0.125036,
	"off_TH2_Index": 0.551542,
	"off_TH3_Index": 0.070946,
	"off_TH4_Index": 0.711581,

	"off_TH1_Middle": -0.027747,
	"off_TH2_Middle": -0.127621,
	"off_TH3_Middle": 0.033416,
	"off_TH4_Middle": 0.328059
 }