{
	"HandSide" : "right",

	"DH_offset": [
  -0.293574, 1.267674, 0.231519, -0.939767, -0.571282, -0.242863, -0.576523, -0.674636, -0.625515, -0.804650, -0.395205, 0.083018, -0.039196, 0.065357, 0.353560, 0.287831, -0.099979, 0.082203, -1.940268, 0.378410, -0.205536, 0.130206, 1.126644, 0.639679, 0.629901, 0.576481, 0.565800, 0.544173, 0.420198, -0.015130, -0.261314, -0.096336,
 0.287558, 1.173225, -1.533061, 0.011735, 1.872288, -4.313343, 1.747946, -1.140164, 1.827787, -1.725457, -0.135016, -0.088156, 0.241114, 0.064648, 0.160350, -0.358984, -1.081453, -0.088136, -1.180368, -0.883161, -0.110232, -0.096020, 0.855927, 0.693915, 0.588860, 1.089895, 0.694395, 0.386706, -0.237785, 0.086406, -0.132698, 0.191814,
 -0.477114, 0.624101, -0.813727, -1.500364, -0.593754, -1.034941, -0.511841, -0.246036, -0.638389, -0.924482, -0.403253, 0.052722, -0.058321, -0.095404, 0.306750, -0.039565, -0.024813, 0.173574, -1.898344, 0.883416, -0.198608, 0.592739, 0.911057, 0.638036, 0.565402, 0.579875, 0.775194, 0.600835, 0.498110, -0.064363, -0.429765, -0.011867],

	"off_TH1_Thumb": 0.070874,
	"off_TH2_Thumb": 0.347361,
	"off_TH3_Thumb": -0.137059,
	"off_TH4_Thumb": -0.343463,

	"off_TH1_Index": -0.221040,
	"off_TH2_Index": 0.101251,
	"off_TH3_Index": 0.246674,
	"off_TH4_Index": -0.457950,

	"off_TH1_Middle": 0.357993,
	"off_TH2_Middle": 0.269937,
	"off_TH3_Middle": -0.004680,
	"off_TH4_Middle": -0.272185
 }