{
	"HandSide" : "right",

	"DH_offset": [
  0.093540, 0.478524, -0.154867, -0.084365, 0.048961, 0.251333, 0.057563, -0.101684, 0.051252, -0.107417, -1.395353, 0.203915, 0.406573, 0.067369, 0.607570, 1.151166, 0.336803, -0.001643, -1.706423, -0.030207, 0.105736, 0.064110, 1.270060, 0.937906, 0.814975, 1.567690, 0.903010, 0.704052, 0.197720, -0.166415, 0.287253, -0.403781,
 0.827112, 1.043593, 0.448615, -1.541588, -0.561164, 1.272235, -0.576098, 0.982152, -0.554358, -0.942494, -0.238957, -0.086784, 0.124417, 0.127456, -0.051429, -0.338698, -0.490147, 0.554097, -3.807941, 0.755650, 2.062051, -3.521381, 0.875027, 1.171103, 1.150683, 1.502053, 0.859569, 0.666868, -0.690973, 0.147508, 0.710785, 0.303569,
 -0.075033, 0.254267, 0.166510, -0.091746, 0.034359, 0.492652, 0.029447, -0.220472, 0.028223, -0.103535, -0.465418, 0.090222, -0.033009, -0.100556, -0.026719, 0.226374, -1.053501, -0.003579, -1.029696, 0.246189, 0.212711, 0.171647, 0.881305, 1.123335, 1.001377, 1.321285, 0.931965, 0.748824, 0.886234, -0.161999, 0.081623, 0.092808],

	"off_TH1_Thumb": 0.130067,
	"off_TH2_Thumb": 1.702049,
	"off_TH3_Thumb": -0.972392,
	"off_TH4_Thumb": -0.763810,

	"off_TH1_Index": -0.684547,
	"off_TH2_Index": 0.132889,
	"off_TH3_Index": 0.242765,
	"off_TH4_Index": -1.120827,

	"off_TH1_Middle": 0.815773,
	"off_TH2_Middle": 0.543562,
	"off_TH3_Middle": -0.104577,
	"off_TH4_Middle": -0.605851
 }