{
	"HandSide" : "right",

	"DH_offset": [
  4.822017, -4.917574, 0.339243, 1.329563, -4.827125, 4.714408, -2.343377, -4.999953, 4.896033, -4.886010, -0.333290, -0.005978, 0.496919, -0.053368, 0.498061, -0.499747,
 -0.931623, 3.050547, 0.359567, -1.342683, -0.591533, -2.065969, -0.763473, -2.925631, -0.948242, -3.968384, 0.105466, 0.014544, 0.237919, -0.299484, 0.477027, 0.499998,
 -0.855185, 1.330108, -1.146191, 0.836723, -0.092349, -1.872463, -0.140808, -1.932140, -0.202448, -1.901503, 0.052612, 0.016214, -0.080971, -0.049693, 0.094465, 0.242570],

	"off_TH1_Thumb": 0.404782,
	"off_TH2_Thumb": -0.022168,
	"off_TH3_Thumb": 0.160856,
	"off_TH4_Thumb": 0.498149,

	"off_TH1_Index": -0.001006,
	"off_TH2_Index": -0.347198,
	"off_TH3_Index": 0.452171,
	"off_TH4_Index": -0.462544,

	"off_TH1_Middle": -0.013813,
	"off_TH2_Middle": -0.167394,
	"off_TH3_Middle": 0.337682,
	"off_TH4_Middle": 0.169165
 }