{
	"HandSide" : "right",

	"DH_offset": [
  4.888898, -4.922205, 4.994437, -4.998910, -3.986873, 3.578651, -4.999943, -4.790075, 1.933518, -4.572456, -0.285327, -0.030675, 0.143857, -0.016253, 0.499943, -0.499593,
 -1.185493, 1.967669, -1.638940, 0.628459, -0.596411, -1.809294, -0.514868, -4.895155, -0.486052, 0.416140, 0.045829, 0.052138, -0.087941, -0.015228, 0.025195, 0.162501,
 -0.184005, -1.089088, 1.560150, -2.079334, -0.000752, -0.677754, 0.034961, -2.973260, 0.145994, -2.119083, 0.058468, 0.006894, -0.114400, -0.054851, 0.012689, 0.323632],

	"off_TH1_Thumb": 0.145784,
	"off_TH2_Thumb": -0.280834,
	"off_TH3_Thumb": 0.365341,
	"off_TH4_Thumb": 0.499297,

	"off_TH1_Index": 0.009477,
	"off_TH2_Index": -0.137209,
	"off_TH3_Index": 0.278751,
	"off_TH4_Index": 0.129799,

	"off_TH1_Middle": 0.093960,
	"off_TH2_Middle": -0.407012,
	"off_TH3_Middle": -0.031481,
	"off_TH4_Middle": 0.499036
 }