{
	"HandSide" : "right",

	"DH_offset": [
  -0.673739, -0.597974, 0.513233, -0.764539, -1.237473, 4.317318, -0.943026, -0.385936, -0.894177, -0.604657, -0.053195, 0.001423, -0.039446, -0.032907, 0.064769, 0.158965, 2.491953, 1.007851, -15.423372, 2.349229, -2.359500, 0.070656, 1.505189, 0.961960, 1.000533, 0.936596, 0.942180, 0.918573, 0.120433, -0.046547, -0.078914, 0.043930,
 0.404654, 1.134770, 2.637467, -1.750795, 0.653847, -1.293661, 0.655266, 0.796973, 0.657800, -0.985823, -0.028613, -0.003258, 0.048935, 0.089068, -0.014006, -0.103211, -3.904268, -1.022179, -17.445897, 0.166871, -1.020721, -9.768118, 1.168590, 1.003828, 1.031244, 1.305787, 1.024774, 0.749180, -0.030058, 0.058558, 0.069666, 0.084439,
 -0.548701, -0.414933, -0.895826, -0.696261, -0.895948, -0.411509, -0.943479, -2.219193, -0.877619, -2.105697, -0.087467, -0.009220, -0.076591, -0.048973, 0.014102, 0.171014, 2.929443, 1.657502, -9.355848, 4.918129, -1.505017, 2.110013, 1.395781, 0.995727, 0.946700, 1.114602, 1.062615, 0.861679, 0.219057, -0.044304, -0.092512, 0.040982],

	"off_TH1_Thumb": -0.003738,
	"off_TH2_Thumb": 0.050459,
	"off_TH3_Thumb": -0.048841,
	"off_TH4_Thumb": -0.069881,

	"off_TH1_Index": -0.046045,
	"off_TH2_Index": 0.029453,
	"off_TH3_Index": 0.005983,
	"off_TH4_Index": -0.160522,

	"off_TH1_Middle": 0.102817,
	"off_TH2_Middle": -0.024055,
	"off_TH3_Middle": -0.067488,
	"off_TH4_Middle": -0.094120
 }