{
	"HandSide" : "right",

	"DH_offset": [
  0.105877, 0.227832, -0.120647, 0.012615, 0.009814, 0.098000, 0.015454, -0.032642, 0.012383, -0.030507, -1.453273, 0.203398, -0.463860, 0.196557, -0.560696, -0.493048, -0.115210, 0.055757, -0.680562, 0.047128, -0.058779, 0.054863, 1.317623, 0.899722, 0.939646, 1.122076, 0.997559, 1.043469, 0.095661, 0.199361, -0.586709, 0.223478,
 0.008127, 0.115820, -0.020308, 0.051839, 0.052692, 0.004350, 0.071479, 0.035752, 0.069115, -0.001063, -0.629541, -0.175590, -0.346368, 0.480845, -0.127836, -1.106275, 0.045941, -0.008721, -0.138689, 0.023763, 0.032834, 0.008997, 1.133760, 0.853353, 1.044427, 0.966252, 1.197372, 0.864474, -0.650078, 0.456216, 0.381874, 0.292731,
 0.037315, 0.465190, -0.269443, 0.032282, -0.053619, 0.333175, -0.056152, -0.118157, -0.053621, -0.022797, -1.233347, 0.213193, 0.439419, -0.103655, 0.190436, 1.093908, -1.168606, -0.023844, -1.773477, 0.093412, -0.142552, 0.182858, 1.134067, 1.095722, 0.942385, 1.095928, 1.273474, 0.843211, 0.603667, -0.117851, 0.154557, 0.105232],

	"off_TH1_Thumb": 0.121805,
	"off_TH2_Thumb": 1.154354,
	"off_TH3_Thumb": 0.507030,
	"off_TH4_Thumb": -0.725218,

	"off_TH1_Index": -0.494046,
	"off_TH2_Index": 0.326909,
	"off_TH3_Index": -0.131849,
	"off_TH4_Index": -0.549022,

	"off_TH1_Middle": 0.459934,
	"off_TH2_Middle": 1.351143,
	"off_TH3_Middle": -0.430342,
	"off_TH4_Middle": -0.820032
 }