{
	"HandSide" : "right",

	"DH_offset": [
  0.130864, -0.061126, 0.031122, 0.034495, 0.014613, 0.016654, 0.014480, -0.086430, 0.012816, -0.150172, -0.052547, 0.040696, -0.189918, -0.027063, 1.083070, 1.574726,
 0.000535, 0.007600, -0.001860, -0.000363, -0.001582, -0.007974, -0.001562, -0.022772, -0.001518, -0.017048, 0.144799, 0.045737, 0.036245, 0.033234, -0.005660, 0.052780,
 -0.002344, 0.003762, 0.004696, -0.003295, -0.000371, -0.004333, -0.000384, -0.031495, -0.000391, -0.014326, 0.093959, 0.020171, -0.007997, 0.001118, -0.004749, 0.016133],

	"off_TH1_Thumb": 0.261341,
	"off_TH2_Thumb": -0.528026,
	"off_TH3_Thumb": -0.311156,
	"off_TH4_Thumb": 0.503841,

	"off_TH1_Index": -0.011783,
	"off_TH2_Index": -0.235234,
	"off_TH3_Index": 0.194119,
	"off_TH4_Index": 0.043701,

	"off_TH1_Middle": 0.006896,
	"off_TH2_Middle": -0.158561,
	"off_TH3_Middle": 0.283347,
	"off_TH4_Middle": 0.218713
 }